c(1156,,2572,,3749,,1504,,1468,,4982,,2,,4520,,4089,,2738,,1206,,4695,,4696,,1584,,4357,,2585,,3547,,822,,867,,3220,,3133,,231,,2714,,3317,,141,,4573,,2339,,3185,,2836,,1685,,2274,,1657,,4409,,4687,,2478,,4519,,4040,,1559,,2483,,4149,,4290,,4434,,4231,,2595,,4983,,4265,,2863,,2167,,3437,,345,,3731,,4512,,2794,,4902,,1925,,4993,,352,,1931,,4945,,4182,,3347,,1417,,3166,,1093,,1656,,2968,,4438,,2111,,3234,,4281,,2217,,1694,,4236,,4556,,1388,,3443,,3194,,4580,,3158,,1085,,3293,,449,,1383,,2187,,3252,,
4820,,3282,,1242,,567,,3737,,4810,,3155,,2936,,4553,,1483,,2218,,1467,,1488,,4177,,2129,,3042,,3442,,3053,,4622,,569,,314,,1214,,3520,,1973,,219,,4420,,4884,,1696,,368,,4538,,3885,,387,,1181,,4531,,4719,,2606,,493,,4183,,580,,1978,,628,,821,,2164,,3548,,3307,,165,,1460,,4733,,2755,,4910,,2388,,400,,2966,,3748,,4657,,87,,2161,,3763,,3236,,3051,,4918,,2610,,3619,,2137,,662,,4923,,3283,,1254,,1579,,2620,,1681,,3279,,2159,,4090,,2879,,2688,,2994,,4264,,2024,,3806,,3073,,4613,,1476,,4427,,2621,,2284,,
1894,,3644,,3037,,4139,,2135,,4513,,4528,,3176,,2279,,3509,,2177,,4436,,4269,,3361,,4582,,2145,,2131,,4788,,1099,,2330,,4565,,152,,1133,,2234,,4523,,1162,,1102,,3740,,2656,,3618,,1413,,3077,,2946,,3119,,2078,,1625,,3280,,1615,,4271,,260,,2347,,1684,,4187,,3038,,2575,,2212,,1132,,1486,,3327,,2933,,4662,,185,,1515,,607,,3605,,4915,,2297,,3306,,1341,,3732,,1673,,4920,,4926,,1884,,3070,,222,,635,,1282,,4557,,1308,,2310,,4722,,1104,,3031,,4478,,249,,1553,,3457,,2646,,3286,,158,,2113,,2018,,3599,,3004,,
2623,,974,,2583,,2485,,3116,,4194,,75,,1365,,3195,,1115,,4208,,202,,311,,4936,,2158,,4186,,14,,3508,,2456,,3557,,1655,,3692,,214,,3673,,1775,,4462,,2791,,4524,,134,,1585,,256,,4992,,571,,3365,,2858,,300,,2770,,3506,,4991,,254,,3088,,3940,,4995,,3141,,3578,,1169,,4198,,4962,,3608,,3180,,4960,,2764,,3131,,2299,,3528,,4110,,656,,754,,4049,,3432,,3523,,4577,,2652,,4562,,3276,,4111,,3515,,4109,,3441,,2990,,598,,2903,,2282,,4717,,1762,,3899,,4774,,1703,,1229,,4576,,3034,,1485,,3284,,1090,,1116,,2328,,2571,,
3804,,3191,,3238,,3448,,3313,,4693,,1070,,915,,4648,,2311,,2382,,463,,3028,,870,,2844,,4518,,4526,,1305,,1711,,3525,,1572,,3268,,2070,,3952,,2121,,3447,,2872,,1676,,1628,,3521,,1429,,1982,,4500,,2250,,2683,,3353,,4755,,4251,,156,,3916,,1087,,1833,,1103,,2685,,2964,,3855,,1622,,4150,,2579,,2883,,1668,,4285,,3296,,361,,1234,,3678,,1991,,3621,,4616,,385,,1326,,184,,1537,,2510,,3626,,64,,1937,,4853,,1452,,4270,,418,,1231,,3170,,661,,3597,,2744,,4501,,1893,,1875,,2112,,1032,,2235,,42,,3630,,1669,,1207,,
4972,,970,,738,,3860,,1591,,2255,,2457,,4488,,3203,,4463,,560,,2565,,2196,,1043,,1271,,4776,,426,,4724,,1543,,3184,,4744,,1546,,3057,,1286,,2892,,985,,1037,,1511,,3917,,3065,,3095,,2709,,3189,,3894,,2447,,4548,,3775,,4921,,4807,,4908,,853,,953,,3401,,1658,,404,,4887,,1381,,2126,,4155,,1779,,1094,,4710,,1699,,3290,,1144,,2761,,4754,,1484,,3258,,2266,,4850,,2528,,3027,,3239,,1247,,727,,2855,,1898,,2099,,1904,,2614,,2690,,35,,2907,,1027,,3291,,4530,,3231,,3029,,3444,,3795,,600,,4387,,2727,,270,,330,,
3115,,3288,,195,,3266,,61,,3739,,4101,,3685,,133,,4772,,3720,,4804,,1731,,579,,745,,370,,4243,,857,,273,,4808,,155,,2302,,3764,,1610,,1709,,2627,,1984,,4429,,1831,,2691,,437,,4950,,739,,4685,,36,,3167,,1712,,2062,,2720,,4447,,4507,,4125,,2540,,2130,,457,,2490,,1391,,86,,798,,401,,2576,,487,,1516,,2188,,753,,166,,633,,4558,,2219,,355,,4691,,1475,,1295,,2110,,2609,,3019,,1284,,4570,,421,,3555,,4949,,4280,,4534,,1006,,4806,,3009,,4369,,4153,,469,,2322,,3797,,4840,,3172,,2782,,4166,,2495,,1601,,2397,,
4508,,2860,,4346,,4925,,360,,4541,,3654,,1097,,1036,,4635,,3022,,4987,,1220,,2887,,4890,,2048,,796,,4587,,1765,,4592,,1815,,1540,,1692,,1200,,2103,,2277,,4598,,1980,,116,,3050,,1136,,2389,,2969,,1153,,1353,,4957,,1580,,3047,,206,,4596,,1763,,60,,864,,2294,,622,,3953,,4913,,3627,,3255,,2435,,1662,,1444,,4707,,1795,,4770,,1967,,4715,,3400,,1355,,2890,,4170,,3097,,2249,,2705,,2425,,2647,,2368,,2769,,1193,,948,,4094,,4482,,4796,,4044,,1554,,4080,,2665,,414,,1433,,2387,,4706,,2086,,1960,,3025,,990,,3579,,
2978,,464,,1510,,566,,3063,,4697,,4221,,3374,,2225,,3086,,2071,,1128,,1987,,2262,,4384,,4287,,4365,,4875,,815,,4205,,2754,,930,,4535,,154,,2209,,3979,,177,,2337,,2561,,1461,,3484,,3560,,3750,,2729,,1742,,3002,,189,,3174,,502,,4226,,602,,1307,,3765,,4340,,153,,755,,1604,,3532,,2050,,4723,,2687,,2811,,2723,,4956,,4118,,3639,,1695,,4252,,4196,,871,,874,,1865,,4759,,1117,,1878,,4674,,4765,,2995,,2463,,2025,,3398,,1191,,3023,,3589,,599,,2899,,3729,,4760,,3201,,4646,,3662,,3208,,3348,,2518,,3223,,4603,,
4704,,859,,1273,,3856,,329,,3216,,2303,,1605,,663,,3680,,3849,,1813,,2918,,1159,,1530,,3074,,1164,,724,,1630,,1647,,2686,,3946,,110,,2642,,4626,,1626,,4041,,4544,,2331,,3164,,844,,3303,,624,,2116,,3130,,1599,,1670,,4108,,995,,4016,,515,,3011,,3253,,4947,,3183,,2080,,992,,2029,,517,,1992,,940,,2003,,2223,,1430,,225,,681,,248,,4911,,3638,,188,,1356,,310,,2538,,2597,,4533,,1735,,516,,413,,1130,,1152,,576,,717,,3230,,683,,2033,,3122,,3628,,3949,,2697,,3080,,4180,,1664,,4751,,3165,,1776,,2876,,2785,,4190,,
3792,,634,,1738,,522,,4937,,4930,,1319,,3585,,4188,,1891,,1949,,384,,2622,,1602,,3925,,4699,,2359,,3741,,4872,,2955,,2380,,1358,,4152,,4477,,2851,,4209,,2365,,1306,,250,,257,,1075,,3762,,852,,1139,,2943,,1953,,3192,,4240,,911,,3647,,473,,4854,,3622,,981,,3132,,3178,,1680,,2207,,2261,,2870,,3204,,4064,,1718,,3300,,1885,,2731,,2701,,4566,,2172,,883,,923,,3850,,118,,703,,1906,,3803,,1715,,728,,3408,,3138,,3687,,4642,,2066,,2280,,4423,,3136,,3545,,916,,2712,,3196,,4870,,4990,,4637,,4924,,605,,79,,709,,
1791,,4812,,672,,749,,3815,,4134,,919,,4780,,4725,,1374,,1834,,2178,,1701,,1311,,1952,,3541,,1125,,3590,,4494,,1613,,4506,,3126,,601,,4199,,639,,1406,,876,,4219,,3221,,573,,3727,,943,,794,,4899,,2440,,3235,,176,,2947,,2935,,3190,,1176,,2236,,4718,,296,,57,,2055,,2625,,3989,,3679,,2820,,3535,,4374,,2004,,2925,,1204,,2267,,2766,,4091,,1418,,1633,,3079,,3346,,4497,,480,,901,,1817,,4682,,2469,,4627,,2012,,4967,,389,,4511,,4865,,2057,,4452,,1000,,1863,,2168,,3161,,4326,,1481,,3656,,3863,,4435,,3127,,3364,,
4354,,4730,,2833,,1648,,2696,,3651,,1233,,4460,,3260,,3603,,1637,,3010,,3412,,3645,,197,,1520,,259,,1329,,1354,,1525,,893,,1119,,2521,,2067,,2843,,4980,,2288,,1930,,1782,,3069,,958,,274,,4493,,3773,,4955,,1225,,3576,,2165,,2815,,1145,,490,,2213,,2357,,4277,,4705,,3675,,1280,,3620,,1378,,2268,,2586,,1729,,3997,,4543,,841,,2967,,4794,,4142,,290,,1623,,2210,,785,,1517,,726,,309,,4615,,1998,,3489,,3067,,1366,,4975,,2756,,3254,,2804,,4241,,2486,,1074,,2802,,3556,,4276,,1698,,2895,,3981,,4002,,1932,,4602,,
2880,,3829,,3393,,4032,,1737,,1872,,119,,3830,,2100,,3801,,2227,,2736,,2980,,3089,,2146,,1706,,2185,,4527,,4855,,2428,,3984,,2228,,3297,,2655,,4954,,4405,,1257,,405,,1331,,1909,,3426,,3648,,4585,,1826,,2667,,2982,,4127,,4468,,1608,,4860,,3479,,1901,,4986,,3834,,1439,,4024,,4212,,4994,,3378,,3078,,3604,,3886,,1708,,629,,1464,,4720,,3519,,2644,,3366,,1219,,2475,,908,,1157,,2612,,964,,532,,869,,1348,,3142,,2252,,3450,,2920,,2136,,3388,,3518,,554,,947,,3704,,3914,,4395,,130,,2243,,3129,,1055,,1106,,4539,,
2684,,3551,,3433,,3491,,2726,,3569,,1235,,306,,2861,,4441,,3693,,2750,,684,,3468,,800,,1332,,1846,,3181,,4547,,3904,,2845,,3013,,2334,,3246,,4227,,1996,,2740,,4345,,2803,,1899,,2560,,4132,,2437,,2529,,3631,,3244,,3606,,4401,,1793,,2573,,3923,,2313,,3800,,1228,,2772,,2952,,849,,2348,,2882,,3370,,3098,,3226,,3511,,3796,,803,,1026,,4079,,1183,,3921,,1277,,266,,1184,,2063,,2433,,3968,,564,,4729,,327,,829,,2974,,2823,,2877,,1342,,4141,,4295,,965,,951,,2031,,3156,,4442,,804,,2556,,2670,,3446,,1844,,976,,
553,,1369,,2960,,1922,,2257,,1325,,2132,,4914,,877,,3793,,4873,,3868,,3048,,1118,,1839,,3609,,3818,,1985,,2681,,4889,,729,,1716,,3746,,884,,2662,,279,,4554,,4946,,2839,,4623,,1741,,3329,,1609,,957,,2904,,3328,,3344,,700,,2634,,4337,,1096,,2114,,2806,,4669,,334,,1592,,1895,,3066,,2865,,3538,,3767,,1310,,1197,,3209,,1632,,1758,,4612,,2905,,3900,,1807,,3848,,2041,,3840,,307,,3159,,638,,4171,,1586,,731,,2138,,2487,,3175,,840,,2206,,2064,,3487,,3385,,3572,,3039,,4027,,2699,,4901,,782,,2816,,3699,,4563,,
29,,924,,4428,,590,,3495,,69,,1494,,2798,,1400,,1611,,4578,,1933,,1659,,4617,,4731,,398,,1780,,2546,,3962,,2795,,3399,,201,,1774,,4039,,2611,,3035,,33,,715,,4906,,243,,518,,1453,,3460,,507,,3123,,578,,741,,1016,,1866,,4927,,611,,1740,,3842,,1947,,2369,,171,,242,,588,,594,,4802,,2616,,597,,199,,826,,4262,,3301,,4694,,1825,,2291,,43,,2186,,4515,,1746,,1854,,2038,,3522,,4096,,1612,,3811,,962,,2431,,3559,,4082,,281,,3598,,1294,,4168,,182,,652,,3409,,3501,,145,,971,,2548,,3690,,750,,1005,,1641,,3103,,
1166,,1382,,3878,,4184,,1600,,3162,,3735,,4834,,1801,,2290,,320,,1071,,2390,,4489,,4805,,762,,1079,,1267,,4273,,2143,,3876,,4143,,1210,,1645,,3928,,654,,1642,,2497,,1142,,617,,1148,,1961,,3145,,2448,,4484,,67,,1796,,2717,,1217,,3259,,3099,,4099,,2733,,4220,,4291,,1773,,2192,,3543,,4792,,210,,2105,,2953,,4823,,3440,,1274,,3316,,3832,,1526,,2264,,2692,,1287,,51,,1140,,3694,,2938,,146,,2120,,460,,2242,,2287,,4130,,1084,,1981,,3517,,3335,,1298,,3054,,736,,3859,,3902,,484,,1105,,2115,,4929,,1089,,4453,,
1035,,1788,,2578,,3526,,1472,,1861,,4232,,613,,486,,913,,1208,,1320,,3248,,3382,,278,,3274,,1465,,550,,4486,,2563,,1009,,1954,,3342,,949,,1371,,1787,,2619,,3817,,888,,4653,,2015,,2519,,4479,,4711,,4973,,2201,,3867,,4591,,294,,1819,,2624,,3474,,1423,,2256,,1138,,2016,,2491,,445,,2902,,1367,,3105,,3326,,1823,,2502,,4042,,4781,,83,,178,,2142,,4377,,1261,,4201,,1567,,3227,,3261,,3480,,2523,,1837,,98,,2202,,1521,,4795,,1146,,3715,,510,,649,,742,,2931,,4162,,1552,,2993,,1062,,2979,,4260,,1392,,434,,2412,,
3534,,4525,,4584,,2592,,3942,,3950,,4179,,203,,897,,494,,4106,,1209,,1710,,2155,,338,,685,,2532,,4542,,708,,716,,1380,,1396,,4673,,4483,,120,,459,,1260,,2241,,3421,,3600,,1541,,2732,,3405,,4330,,4549,,209,,568,,1903,,1002,,1935,,3093,,4140,,1643,,3357,,4811,,1107,,2323,,1352,,1394,,1874,,3911,,789,,1810,,2460,,3411,,4296,,4583,,2718,,3046,,4011,,665,,1248,,2454,,3794,,4376,,4502,,4605,,2471,,2889,,2972,,4104,,186,,2009,,2449,,3462,,1770,,2045,,3901,,234,,896,,1536,,2220,,4878,,1646,,1050,,1448,,1617,,
3954,,4799,,698,,2141,,1539,,4239,,4550,,3449,,3733,,388,,1034,,1853,,2295,,4054,,3824,,213,,1425,,2695,,4069,,1498,,1635,,1850,,4349,,3975,,4310,,4989,,2190,,2395,,4771,,3014,,3240,,1384,,3277,,1285,,2672,,3730,,3884,,4303,,172,,1989,,2195,,809,,979,,1549,,2147,,2864,,2987,,3206,,3111,,4368,,16,,1420,,1649,,744,,2300,,2362,,2970,,246,,2711,,305,,653,,2891,,3062,,4116,,3706,,2065,,4604,,614,,2900,,3387,,4379,,2852,,3305,,3467,,3358,,4959,,1962,,4402,,308,,3081,,272,,1689,,1969,,2678,,556,,4014,,2408,,
2414,,3918,,328,,2079,,4631,,2866,,4968,,429,,4979,,1150,,3808,,3841,,3663,,4165,,1088,,3726,,2128,,2607,,4275,,468,,850,,1734,,2089,,2783,,3472,,4057,,90,,4066,,4381,,1122,,1683,,1777,,4599,,4504,,1023,,2775,,1634,,2941,,4670,,1616,,2200,,695,,760,,2524,,3396,,1697,,2170,,3810,,454,,1493,,3857,,315,,4348,,4713,,1629,,4756,,55,,3304,,3530,,4288,,4698,,2566,,3582,,373,,525,,1163,,2702,,832,,1482,,1849,,1324,,2240,,2286,,3636,,3931,,4675,,4964,,2945,,506,,1039,,2444,,1487,,1800,,2480,,3413,,3672,,4636,,
4757,,2153,,3445,,4195,,4800,,834,,4222,,4826,,838,,4450,,4815,,1316,,2458,,4797,,837,,1386,,1848,,3697,,1830,,1936,,2203,,4321,,4888,,1322,,3485,,4909,,1408,,1594,,1639,,2019,,3403,,3990,,4301,,89,,586,,1419,,2254,,4517,,371,,1265,,3154,,3177,,4454,,1583,,2837,,277,,2600,,378,,2285,,4392,,41,,2527,,3671,,3998,,4464,,4749,,3524,,4026,,4359,,689,,1109,,3257,,902,,1994,,3242,,1243,,2027,,2193,,3012,,1532,,2039,,3333,,3646,,4266,,4410,,511,,4747,,827,,1250,,2784,,3889,,159,,3173,,1110,,1620,,492,,1343,,
4207,,4775,,1335,,1964,,2422,,135,,1528,,2005,,3774,,643,,2042,,4006,,4362,,1177,,1555,,1041,,3350,,699,,3397,,4375,,4569,,929,,1638,,2689,,3139,,2694,,3780,,3947,,4641,,1379,,2075,,2344,,2553,,211,,1167,,1862,,2049,,2386,,3281,,3456,,4371,,4619,,743,,1349,,2374,,4197,,3537,,547,,1154,,1606,,1672,,2171,,3041,,3439,,557,,1126,,2272,,3003,,3451,,276,,1948,,1958,,3117,,4932,,858,,1172,,2898,,3686,,3695,,4001,,4147,,4206,,4302,,1073,,1558,,4293,,2378,,1276,,4307,,4861,,1748,,1896,,2020,,3033,,488,,2076,,
2251,,2501,,3215,,4900,,465,,935,,952,,1258,,1442,,1728,,3076,,4308,,905,,1431,,2134,,3593,,3665,,205,,2821,,3772,,4965,,74,,183,,3676,,3879,,4430,,1313,,4703,,836,,1812,,3566,,3880,,3939,,667,,1030,,1111,,173,,1589,,2162,,56,,1120,,1124,,3395,,4828,,381,,632,,4844,,2385,,2224,,2393,,3319,,668,,3724,,3819,,3972,,1302,,2567,,4185,,808,,1049,,2752,,3032,,4645,,2191,,3661,,218,,1582,,2375,,2405,,3072,,3718,,3890,,207,,1052,,27,,4614,,462,,612,,1363,,3110,,4389,,4700,,4898,,843,,2014,,2157,,3001,,1113,,
3278,,4279,,814,,1393,,3516,,4473,,1951,,2184,,2517,,3905,,4825,,3825,,3933,,4067,,1889,,2759,,2915,,193,,2835,,3245,,4741,,2061,,2639,,4244,,2335,,2934,,2022,,2985,,4237,,4499,,479,,562,,1499,,1724,,2083,,2853,,1053,,2109,,3020,,3043,,4618,,208,,819,,894,,2492,,1852,,2085,,4004,,4282,,54,,456,,1570,,1988,,2430,,3071,,692,,1013,,1345,,1923,,2896,,3471,,3583,,4113,,512,,1237,,4837,,283,,2304,,2515,,2998,,3935,,3993,,4721,,136,,831,,1194,,2356,,2438,,2559,,1333,,2060,,2997,,4181,,4764,,4940,,1441,,
2391,,3871,,4204,,1469,,585,,2673,,3006,,4981,,863,,944,,2512,,4031,,4933,,1666,,3092,,3688,,4522,,824,,1072,,1447,,2593,,2601,,3805,,4115,,101,,470,,1241,,2309,,2698,,4084,,659,,1920,,2319,,3565,,3821,,2074,,3777,,446,,774,,4821,,2927,,3966,,4879,,833,,975,,2123,,3367,,3568,,4095,,4801,,112,,1299,,2151,,2298,,2590,,1168,,1835,,2965,,3683,,3910,,2757,,3895,,15,,4931,,39,,1427,,2664,,4355,,756,,3060,,3567,,3311,,3424,,4248,,4339,,748,,806,,3251,,3881,,1434,,2588,,2951,,318,,875,,1334,,4051,,969,,1598,,
3149,,3798,,3937,,4985,,423,,2315,,3756,,251,,621,,2068,,2464,,223,,1387,,2401,,3944,,2976,,3169,,4242,,1385,,1855,,2499,,2753,,3383,,4443,,58,,312,,1202,,1296,,1328,,1870,,3544,,4412,,4491,,890,,1563,,1824,,2441,,3331,,4105,,4131,,132,,1979,,2509,,2516,,2930,,3420,,3459,,3907,,4492,,4551,,3650,,3955,,4029,,4624,,1405,,1842,,2831,,3134,,3419,,13,,350,,2873,,4286,,505,,1149,,2547,,2793,,4076,,4656,,335,,2333,,2418,,3410,,4151,,4322,,4692,,735,,825,,1256,,175,,619,,680,,848,,1688,,2221,,2707,,4625,,
520,,818,,1829,,3005,,3612,,4086,,340,,1859,,2413,,2584,,2713,,3287,,3640,,3974,,4398,,1490,,1769,,2854,,436,,1556,,2281,,4588,,4620,,4750,,4849,,1857,,1876,,453,,1024,,1407,,2981,,3267,,4088,,982,,1934,,3660,,4406,,4649,,121,,1577,,2400,,2792,,3249,,326,,2959,,4037,,805,,817,,1404,,3207,,1636,,2118,,801,,1456,,2197,,1811,,2534,,2535,,3653,,3760,,4505,,720,,1029,,2494,,4897,,71,,435,,3539,,3613,,4586,,357,,417,,3371,,3930,,4030,,2663,,2885,,4192,,768,,2329,,925,,1783,,1943,,2069,,2354,,3354,,2097,,
2470,,2901,,4676,,4848,,887,,1691,,1304,,1940,,2002,,2011,,2859,,3384,,4922,,247,,261,,718,,878,,2735,,4822,,4892,,1129,,3427,,4200,,4388,,4659,,410,,495,,1398,,2426,,3870,,3888,,4085,,4314,,4938,,157,,501,,998,,1512,,3394,,3873,,393,,751,,2526,,2975,,3546,,4846,,204,,1575,,3390,,3481,,3536,,4503,,4608,,461,,1266,,1561,,1596,,2124,,2316,,2410,,938,,1068,,1086,,1436,,1785,,1883,,2305,,4361,,383,,1019,,4022,,217,,2536,,2671,,2708,,1232,,3865,,4103,,1230,,1736,,1968,,2343,,3015,,3197,,3822,,1131,,1350,,
3030,,3960,,4235,,4978,,773,,4424,,4678,,12,,1239,,2722,,2996,,321,,491,,2127,,3552,,4233,,4455,,644,,2725,,4514,,332,,1529,,2352,,3758,,4475,,1189,,4819,,2829,,4148,,122,,922,,2258,,2472,,3461,,3994,,4785,,28,,1435,,2283,,3026,,111,,963,,983,,1652,,2415,,3090,,4114,,4167,,1496,,3121,,3575,,771,,1457,,2498,,4353,,4966,,1682,,2706,,489,,941,,1527,,2215,,2828,,3128,,3533,,4529,,143,,851,,2869,,3168,,3550,,3812,,4003,,4481,,2808,,3147,,3150,,3465,,3635,,496,,1040,,3664,,4025,,4256,,174,,2587,,2730,,
3977,,4459,,4561,,4928,,78,,169,,287,,416,,1339,,1351,,1702,,1890,,2320,,3844,,4216,,17,,3862,,3912,,4467,,4877,,1856,,3507,,3713,,4856,,4905,,47,,781,,2608,,4343,,4852,,934,,1437,,2564,,2834,,3514,,3920,,4403,,647,,797,,1091,,1262,,1283,,1538,,2332,,549,,646,,795,,1301,,2028,,2825,,2950,,4716,,100,,284,,1007,,2263,,3948,,4121,,331,,991,,1218,,1360,,1534,,1544,,2675,,2971,,4159,,4224,,4272,,30,,117,,1251,,1495,,1778,,3658,,4743,,966,,1624,,2373,,2455,,2942,,4735,,4917,,705,,1377,,1619,,1717,,2090,,
3232,,3455,,3742,,4372,,395,,2122,,2638,,2788,,2884,,3719,,3891,,85,,264,,583,,1449,,2537,,2626,,3000,,3225,,3341,,3345,,4916,,472,,777,,1347,,2355,,2434,,3241,,3791,,65,,125,,403,,1018,,1999,,2312,,2929,,3299,,3738,,912,,1314,,3108,,3717,,3915,,4215,,4866,,170,,1141,,3143,,3505,,4790,,415,,539,,1443,,1747,,2786,,2857,,3477,,3858,,4352,,11,,59,,220,,439,,763,,1161,,3187,,4258,,688,,2183,,3302,,4536,,3250,,20,,115,,1083,,1158,,3186,,3438,,3903,,316,,1438,,4521,,1100,,1108,,354,,1077,,1199,,1474,,2106,,
2139,,2467,,2991,,3308,,4298,,4650,,4857,,103,,543,,648,,1212,,1255,,1916,,2411,,4097,,4590,,4951,,216,,961,,993,,1185,,2205,,2445,,3691,,4144,,4555,,4610,,4851,,4941,,2237,,2238,,2658,,2704,,2779,,3887,,4017,,4419,,19,,304,,675,,770,,1135,,1147,,2618,,2848,,4203,,40,,191,,228,,513,,641,,746,,1221,,1491,,1568,,1840,,1924,,2211,,2436,,3151,,3714,,3845,,3883,,4390,,8,,1440,,2745,,2790,,3373,,3386,,618,,1975,,2349,,2776,,3776,,1416,,1970,,2511,,2908,,3574,,4323,,84,,452,,693,,1507,,1524,,1789,,2054,,
3193,,4156,,4847,,4885,,4984,,664,,1309,,1919,,2581,,2826,,3016,,3222,,3722,,4496,,440,,542,,1279,,2541,,2921,,3275,,3418,,3835,,4335,,4367,,4607,,4874,,126,,240,,2231,,2466,,2628,,2643,,3052,,3406,,3512,,3826,,268,,359,,458,,1051,,1063,,1290,,1590,,2550,,2582,,2591,,127,,187,,1205,,1751,,1976,,2345,,2963,,3256,,3458,,4047,,4660,,759,,1867,,2306,,2327,,3580,,4058,,4250,,396,,2506,,2602,,3332,,3779,,3943,,3958,,4421,,5000,,419,,1362,,1489,,1564,,2539,,2641,,2710,,2840,,3629,,4681,,862,,1270,,1663,,
1912,,3587,,4351,,236,,1886,,2017,,2849,,3075,,3602,,4738,,106,,508,,608,,835,,1060,,1631,,2276,,3614,,4289,,4451,,4827,,353,,375,,3633,,4036,,4300,,267,,589,,1047,,1216,,2007,,2208,,3084,,3751,,4370,,606,,1627,,1745,,4234,,23,,128,,425,,1346,,1397,,1946,,2133,,2633,,2693,,3452,,3965,,4630,,346,,386,,686,,2452,,2635,,2814,,3124,,4045,,4229,,4316,,4816,,737,,747,,1359,,1957,,4480,,348,,702,,784,,1223,,1603,,1719,,1841,,1873,,2342,,2364,,2700,,3669,,4422,,140,,891,,1263,,2073,,2271,,2830,,3352,,3666,,
3784,,3938,,4417,,4701,,313,,1264,,1651,,2307,,4311,,4356,,4609,,610,,899,,1031,,1201,,1614,,1956,,2093,,2174,,3153,,3898,,427,,519,,2771,,3213,,3983,,631,,655,,783,,1318,,2056,,2169,,2180,,3435,,4516,,382,,1004,,1723,,1822,,3488,,3682,,3999,,4572,,4579,,4600,,4679,,1008,,1336,,1462,,2940,,3212,,3802,,4671,,194,,2703,,2721,,3564,,4211,,4425,,364,,577,,674,,1908,,3036,,3049,,3941,,4537,,402,,1014,,1928,,2777,,1843,,2376,,3137,,3623,,4013,,4124,,1289,,1732,,1786,,1900,,2916,,3320,,3391,,149,,391,,757,,
779,,847,,967,,1180,,3087,,3734,,412,,1196,,1375,,1654,,1926,,2629,,2741,,3761,,3823,,221,,336,,339,,959,,1227,,1454,,1671,,2046,,2956,,3224,,3839,,3853,,4119,,4158,,4540,,645,,1983,,3091,,3540,,3919,,4845,,442,,467,,1576,,2894,,4564,,4651,,32,,44,,255,,344,,358,,455,,973,,1851,,2182,,3160,,3709,,4100,,4274,,4904,,68,,642,,2542,,3861,,4476,,4740,,190,,559,,714,,932,,1376,,1864,,2632,,2819,,2838,,4391,,4418,,4813,,4883,,215,,1501,,1809,,2053,,2341,,3322,,4081,,4708,,2514,,2765,,4838,,325,,1042,,1650,,
1687,,2767,,2856,,3995,,775,,909,,1410,,1704,,4052,,4640,,181,,377,,409,,433,,593,,761,,861,,1011,,1240,,1412,,1714,,2176,,2253,,3781,,80,,873,,2649,,3875,,4413,,4594,,4839,,144,,301,,551,,592,,1370,,1595,,1753,,1938,,2500,,2758,,3314,,3499,,3969,,626,,828,,1414,,1759,,2096,,2296,,3113,,3476,,3497,,3934,,4135,,4164,,4969,,226,,356,,939,,1078,,2013,,2399,,2937,,4891,,31,,151,,574,,950,,1127,,2407,,2715,,4019,,4120,,4324,,1297,,1571,,1974,,2119,,2473,,3967,,4157,,4988,,50,,379,,651,,1858,,2459,,2482,,
2841,,3163,,3809,,4255,,363,,669,,830,,968,,1288,,1327,,1409,,3486,,4007,,4060,,4469,,443,,906,,1203,,2248,,2417,,3018,,3198,,3594,,4485,,485,,758,,2682,,2932,,4043,,4046,,263,,811,,1067,,1291,,1944,,4015,,4021,,4065,,657,,860,,1065,,1069,,1993,,2107,,2150,,3211,,3294,,3988,,4259,,235,,1509,,1845,,2886,,3351,,4292,,4793,,3,,1828,,2260,,2318,,2384,,2832,,3689,,3892,,25,,232,,788,,1192,,1422,,1750,,1806,,2214,,2554,,2630,,3836,,4034,,4344,,4829,,587,,813,,1179,,1790,,2366,,2650,,4283,,349,,500,,537,,
723,,865,,886,,1061,,1581,,2095,,2321,,4023,,4383,,4791,,625,,1477,,1574,,3205,,3269,,322,,1017,,1389,,1726,,3096,,3375,,3454,,4075,,4218,,4399,,63,,104,,546,,807,,1531,,2154,,2244,,3112,,73,,582,,1033,,1182,,1990,,2377,,2477,,2507,,3498,,3963,,4020,,4146,,4268,,138,,162,,881,,2010,,2637,,2983,,3414,,4396,,4633,,527,,907,,1174,,1222,,2367,,2742,,3315,,3504,,3542,,4595,,4672,,1038,,1173,,1755,,1927,,2140,,2568,,2913,,3716,,4893,,109,,252,,474,,1321,,1357,,1445,,1458,,1560,,1847,,2867,,3531,,3783,,
4160,,4449,,4644,,4939,,366,,903,,1095,,2424,,2797,,2926,,3659,,3843,,4055,,137,,1246,,1361,,1508,,1764,,2350,,2531,,3355,,3513,,3553,,3945,,3982,,4133,,4896,,390,,946,,2533,,2746,,2796,,3309,,3611,,4189,,4727,,4841,,476,,772,,787,,1514,,2421,,2911,,3847,,3924,,4342,,245,,640,,682,,1446,,3652,,3893,,4074,,4787,,258,,302,,1010,,1470,,1545,,1802,,2676,,3755,,3838,,4571,,823,,1123,,2443,,3243,,3705,,4831,,538,,552,,563,,1137,,1918,,2194,,2246,,2338,,2419,,2545,,2724,,3464,,3493,,3616,,3649,,3956,,376,,
2361,,2648,,2957,,3561,,3787,,701,,710,,1760,,1804,,1966,,1977,,2301,,2668,,3752,,238,,691,,885,,1792,,1882,,2505,,2734,,2868,,3146,,3237,,3563,,3723,,3959,,4254,,4305,,4385,,4414,,77,,105,,1756,,2468,,3059,,3376,,3757,,4163,,4358,,4726,,4934,,262,,1372,,1910,,2037,,3325,,3584,,3913,,3936,,3973,,4012,,4059,,4470,,4748,,4782,,4817,,678,,1315,,3082,,3529,,3725,,295,,420,,1551,,1700,,2589,,2799,,2962,,4509,,4552,,4766,,4903,,4996,,399,,706,,711,,956,,977,,1045,,2245,,2603,,2748,,4010,,4306,,4431,,1565,,
1955,,1972,,2326,,2558,,3475,,3596,,3625,,3771,,3906,,4661,,4664,,4952,,4958,,91,,380,,444,,1513,,1522,,1593,,2247,,2416,,2508,,2549,,2817,,2939,,3094,,3140,,3571,,4315,,4545,,22,,866,,895,,1160,,1644,,1869,,2308,,2324,,2551,,2557,,2651,,2659,,3263,,3591,,3799,,3872,,4238,,4864,,1236,,1492,,1618,,1868,,2661,,2846,,3416,,3586,,3607,,4008,,4123,,4129,,4331,,4415,,816,,1151,,1794,,1879,,1880,,2051,,2358,,2674,,2888,,2893,,2906,,3782,,4432,,7,,509,,725,,920,,1914,,2040,,2599,,2954,,3044,,3430,,3500,,
3573,,4063,,4753,,4881,,298,,431,,561,,1101,,1519,,1808,,3359,,3368,,4083,,37,,369,,406,,928,,1015,,1300,,3392,,3707,,4214,,4919,,514,,650,,1022,,1450,,2082,,2189,,2314,,3217,,3976,,4472,,4638,,4894,,918,,954,,1836,,1860,,1877,,2640,,3728,,4217,,81,,365,,591,,627,,987,,1226,,4175,,66,,397,,1056,,1245,,1272,,2181,,2496,,2818,,4684,,4732,,411,,658,,972,,984,,996,,1323,,1820,,1881,,2222,,2897,,3085,,3338,,4098,,4169,,4364,,4712,,4728,,408,,503,,666,,931,,1188,,2043,,2392,,2812,,2850,,3423,,4122,,4439,,
4689,,124,,239,,288,,299,,526,,880,,1798,,2125,,2346,,2747,,3262,,4559,,4779,,4961,,575,,1175,,1401,,2023,,2403,,2768,,3182,,3310,,4038,,4092,,4999,,297,,342,,584,,687,,1112,,1268,,1727,,2465,,4634,,147,,450,,900,,1730,,1995,,2289,,2989,,3363,,3770,,4223,,4225,,4363,,4426,,4663,,4818,,4970,,1249,,1303,,1506,,1573,,1971,,2461,,2774,,3061,,3144,,3527,,3813,,4172,,4667,,4734,,4736,,677,,730,,986,,1395,,2226,,2446,,2809,,3270,,3483,,3778,,4869,,792,,904,,1114,,1945,,3334,,3592,,3790,,3908,,4093,,4145,,
4193,,4247,,4333,,4408,,4416,,4498,,4739,,62,,230,,244,,616,,778,,799,,2163,,2179,,2680,,2762,,2949,,3380,,3417,,4245,,4319,,4394,,4773,,438,,721,,960,,1253,,1523,,2117,,2173,,2923,,3100,,3745,,3970,,3992,,4777,,72,,180,,471,,1025,,1058,,1674,,1907,,2047,,2101,,2398,,2574,,2636,,2961,,3068,,3083,,3340,,4068,,4263,,4267,,4621,,4632,,45,,269,,545,,1252,,1677,,1752,,1799,,1950,,2044,,2265,,2292,,2504,,2807,,3024,,3229,,3814,,4210,,4338,,4495,,4944,,4977,,34,,1178,,1686,,1722,,1725,,1761,,2371,,2598,,
2847,,3330,,3415,,4161,,4461,,4574,,4832,,123,,148,,555,,1259,,1607,,1768,,1997,,2716,,3272,,3285,,4128,,4411,,4666,,533,,855,,882,,1915,,2034,,2462,,2878,,4005,,4457,,4546,,4886,,10,,38,,623,,1548,,1550,,1713,,2152,,2677,,3681,,4126,,4178,,4597,,4629,,4769,,293,,317,,572,,595,,780,,793,,2453,,3040,,3670,,3882,,4380,,26,,129,,347,,872,,1134,,1373,,2669,,2909,,3056,,3510,,3957,,4176,,4341,,4895,,428,,820,,997,,1121,,1213,,2396,,2439,,2984,,3188,,160,,498,,604,,786,,854,,1001,,1505,,1721,,1803,,1888,,
1942,,2370,,2544,,3369,,3807,,4246,,4702,,237,,292,,323,,392,,1749,,2104,,2156,,2555,,2881,,3747,,3846,,3927,,4249,,4400,,4606,,4690,,167,,319,,530,,1003,,1186,,2144,,2493,,2944,,3336,,3337,,3503,,3637,,3896,,4366,,4824,,4830,,99,,227,,548,,722,,1215,,1463,,1471,,1690,,2423,,2666,,3101,,3179,,3667,,3712,,4048,,4943,,466,,926,,1693,,1772,,2233,,2427,,3120,,3135,,3218,,3323,,3753,,4809,,168,,630,,671,,1535,,1566,,2520,,2679,,2728,,3318,,3581,,3909,,4191,,4935,,96,,337,,917,,1411,,1897,,2325,,2360,,
2596,,2910,,3058,,3381,,3478,,3615,,3643,,4445,,4762,,82,,107,,324,,732,,1497,,1660,,2026,,2098,,4325,,4404,,4907,,910,,1143,,1340,,1424,,1587,,2402,,2631,,3429,,3610,,3698,,4647,,4767,,367,,544,,603,,719,,1466,,1720,,1921,,1965,,2001,,2081,,2108,,3271,,3932,,3961,,4077,,4138,,4655,,285,,535,,1081,,1744,,1892,,1939,,2092,,2230,,3554,,3833,,3864,,4050,,4437,,102,,351,,636,,921,,936,,937,,942,,980,,1082,,1547,,2058,,4230,,4688,,224,,447,,497,,791,,802,,1187,,1198,,1963,,2094,,2801,,3289,,3379,,3736,,
4312,,4332,,4997,,93,,424,,521,,752,,766,,1502,,1533,,1743,,2615,,2917,,3422,,3657,,3769,,3831,,3929,,4448,,1,,94,,1986,,2363,,2605,,3104,,3324,,3642,,3710,,3721,,3785,,4665,,4842,,4871,,769,,845,,945,,1021,,1028,,1679,,2773,,3106,,3816,,4320,,4567,,4784,,18,,150,,192,,333,,362,,531,,565,,842,,1171,,1678,,1816,,2760,,2875,,2912,,3017,,3021,,3431,,3601,,3634,,3677,,3684,,3852,,3987,,4652,,4654,,4998,,108,,282,,343,,889,,1293,,1562,,1569,,2340,,2420,,2842,,3202,,3339,,3377,,3470,,3703,,4643,,4833,,
24,,97,,113,,212,,846,,927,,1338,,2035,,2077,,2198,,2270,,2379,,3008,,3428,,3595,,3708,,3951,,3980,,4328,,4568,,9,,291,,570,,914,,1317,,1344,,1473,,2229,,2778,,2780,,2827,,3701,,4053,,4737,,4778,,4859,,430,,1046,,1733,,2474,,2503,,2871,,3273,,4035,,4174,,4611,,4686,,4876,,4974,,21,,53,,275,,581,,673,,696,,790,,892,,1057,,1064,,1066,,1766,,1827,,1832,,2216,,2476,,2763,,2914,,3148,,3157,,3407,,3577,,3668,,3789,,3971,,48,,253,,448,,481,,1190,,1337,,1459,,1814,,1902,,2239,,2522,,2617,,2653,,2654,,2824,,
2948,,3473,,3837,,4154,,4446,,4745,,734,,1155,,1784,,2739,,2986,,3199,,3360,,3362,,3674,,3827,,3996,,4028,,4102,,4313,,4386,,4532,,4683,,4783,,4858,,540,,1368,,2052,,2175,,2822,,2874,,3210,,3743,,4228,,4253,,4510,,4668,,4763,,4867,,4868,,139,,241,,372,,407,,694,,994,,1281,,1312,,1503,,1597,,2481,,2613,,2810,,3064,,3265,,3404,,3828,,3866,,4334,,4378,,4677,,4835,,898,,1012,,1054,,1224,,1621,,1739,,1941,,2429,,2569,,2577,,2781,,3711,,3851,,4882,,528,,690,,839,,1478,,1500,,1578,,2562,,2999,,3298,,3436,,
3463,,3490,,3754,,4000,,4213,,4752,,4863,,4963,,164,,620,,810,,999,,1364,,1767,,1959,,2021,,2657,,3114,,3200,,3214,,3502,,3549,,3562,,4173,,4465,,988,,1048,,1403,,1518,,1871,,2919,,3434,,3702,,3986,,4072,,4382,,76,,95,,161,,289,,478,,482,,483,,764,,1402,,1451,,1771,,1905,,2148,,2204,,2442,,2525,,2552,,3389,,3766,,3786,,4018,,4071,,4107,,4393,,4798,,6,,70,,179,,200,,271,,523,,558,,812,,1165,,1292,,1455,,1781,,2199,,3321,,3425,,3655,,4304,,4490,,1020,,2032,,2273,,2381,,2604,,3007,,3152,,3292,,3744,,
3877,,4202,,4284,,4327,,4350,,4456,,4466,,4471,,4474,,4487,,4814,,5,,114,,541,,670,,868,,1244,,1557,,2372,,2977,,3494,,3496,,3854,,3991,,4078,,4309,,4347,,4397,,4593,,4976,,163,,229,,394,,704,,933,,1275,,1278,,2091,,2293,,2432,,3372,,3617,,3820,,3869,,4299,,4786,,4880,,142,,198,,475,,534,,765,,1059,,1076,,1238,,2278,,2351,,2530,,2570,,2958,,3055,,3171,,3295,,3558,,3700,,3985,,4070,,4575,,4768,,536,,1269,,1805,,1838,,1911,,2072,,2488,,2645,,2749,,2787,,2924,,3233,,3482,,3696,,3768,,4009,,4336,,4581,,
374,,441,,451,,477,,978,,2084,,2479,,3109,,3402,,3978,,4278,,4294,,4318,,4433,,4709,,4942,,233,,679,,989,,1044,,1929,,2259,,2353,,2743,,2973,,3312,,3492,,3588,,3632,,4117,,4560,,4758,,4953,,49,,697,,879,,955,,1211,,1640,,1887,,2992,,4061,,4373,,4444,,4601,,4680,,4714,,4843,,88,,713,,1195,,1757,,1821,,1913,,2166,,2275,,2489,,2594,,3219,,3624,,3759,,4073,,4137,,4458,,4971,,341,,596,,615,,712,,1080,,1170,,1479,,1675,,2000,,2269,,2406,,2789,,2805,,2813,,3118,,3349,,3922,,4297,,4948,,4,,46,,196,,529,,
776,,1665,,1705,,1818,,1917,,2030,,2102,,2232,,2513,,2719,,3045,,3228,,3247,,4087,,4360,,4589,,4746,,131,,286,,609,,1098,,1390,,1421,,1432,,1667,,2006,,2088,,2149,,2383,,2409,,2988,,3788,,3897,,3964,,4056,,4062,,4136,,4329,,4407,,4440,,4639,,4742,,4761,,4789,,92,,303,,504,,733,,1588,,1653,,1707,,2800,,3356,,3466,,3469,,3570,,3641,,4317,,676,,767,,1426,,1542,,1754,,1797,,2036,,2160,,2317,,2450,,2484,,2543,,2862,,4033,,4112,,4803,,280,,422,,637,,1092,,1399,,1428,,1661,,2087,,2336,,2404,,2660,,2737,,
2922,,3107,,3125,,3264,,3453,,4261,,4628,,4658,,4912,,52,,265,,499,,524,,660,,707,,740,,1330,,1480,,2394,,2451,,2580,,2751,,2928,,3102,,3343,,3874,,3926,,4257,,4836,,4862,,432,,856,,1415,,2008,,2059)
